ref,source,haplotype,file,file_type
GCA_005869975.1_AgR_To_v5,AgR_To_v5_Griffiths,haploid,GCA_005869975.1_AgR_To_v5_genomic.fna.gz,genome
AgR_To_v5_Griffiths_chr2acc,AgR_To_v5_Griffiths,haploid,chr2acc,chr_mapping
AgR_To_v5_Griffiths_component_localID2acc,AgR_To_v5_Griffiths,haploid,component_localID2acc,chr_mapping
GCA_032173615.1_drTriRepe4_hap1_1.5,drTriRepe_Olsen,hap1,GCA_032173615.1_drTriRepe4_hap1_1.5_genomic.fna.gz,genome
GCA_032173615.1_drTriRepe4_hap1_1.5,drTriRepe_Olsen,hap1,GCA_032173615.1_drTriRepe4_hap1_1.5_genomic.gff.gz,annotation_gff
GCA_032173615.1_drTriRepe4_hap1_1.5,drTriRepe_Olsen,hap1,GCA_032173615.1_drTriRepe4_hap1_1.5_genomic.gtf.gz,annotation_gtf
GCA_032173615.1_drTriRepe4_hap1_1.5,drTriRepe_Olsen,hap1,GCA_032173615.1_drTriRepe4_hap1_1.5_cds_from_genomic.fna.gz,cds
GCA_032173615.1_drTriRepe4_hap1_1.5,drTriRepe_Olsen,hap1,GCA_032173615.1_drTriRepe4_hap1_1.5_rna_from_genomic.fna.gz,rna
GCA_032173615.1_drTriRepe4_hap1_1.5,drTriRepe_Olsen,hap1,GCA_032173615.1_drTriRepe4_hap1_1.5_protein.faa.gz,protein
GCA_032173615.1_drTriRepe4_hap1_1.5,drTriRepe_Olsen,hap1,GCA_032173615.1_drTriRepe4_hap1_1.5_translated_cds.faa.gz,translated_cds
GCA_977963945.1_drTriRepe1.hap1.1,drTriRepe_Sanger,hap1,GCA_977963945.1_drTriRepe1.hap1.1_genomic.fna.gz,genome
GCA_977964325.1_drTriRepe1.hap2.1,drTriRepe_Sanger,hap2,GCA_977964325.1_drTriRepe1.hap2.1_genomic.fna.gz,genome
GCA_052626445.1_drTriRepe3_hap2,drTriRepe_Olsen,hap2,GCA_052626445.1_drTriRepe3_hap2_genomic.fna.gz,genome
drTriRepe_Sanger_chr2acc_hap1,drTriRepe_Sanger,hap1,chr2acc_hap1,chr_mapping
drTriRepe_Sanger_chr2acc_hap2,drTriRepe_Sanger,hap2,chr2acc_hap2,chr_mapping
GCA_030408175.1_UTM_Trep_v1.0,UTM_Trep_v1.0,haploid,GCA_030408175.1_UTM_Trep_v1.0_genomic.fna.gz,genome
GCA_030408175.1_UTM_Trep_v1.0,UTM_Trep_v1.0,haploid,GCA_030408175.1_UTM_Trep_v1.0_genomic.gff.gz,annotation_gff
GCA_030408175.1_UTM_Trep_v1.0,UTM_Trep_v1.0,haploid,GCA_030408175.1_UTM_Trep_v1.0_genomic.gtf.gz,annotation_gtf
GCA_030408175.1_UTM_Trep_v1.0,UTM_Trep_v1.0,haploid,GCA_030408175.1_UTM_Trep_v1.0_cds_from_genomic.fna.gz,cds
GCA_030408175.1_UTM_Trep_v1.0,UTM_Trep_v1.0,haploid,GCA_030408175.1_UTM_Trep_v1.0_rna_from_genomic.fna.gz,rna
GCA_030408175.1_UTM_Trep_v1.0,UTM_Trep_v1.0,haploid,GCA_030408175.1_UTM_Trep_v1.0_protein.faa.gz,protein
GCA_030408175.1_UTM_Trep_v1.0,UTM_Trep_v1.0,haploid,GCA_030408175.1_UTM_Trep_v1.0_translated_cds.faa.gz,translated_cds
GCA_030914245.1_UTM_Trep_v1.0_hap1,UTM_Trep_v1.0,hap1,GCA_030914245.1_UTM_Trep_v1.0_hap1_genomic.fna.gz,genome
GCA_030914255.1_UTM_Trep_v1.0_hap2,UTM_Trep_v1.0,hap2,GCA_030914255.1_UTM_Trep_v1.0_hap2_genomic.fna.gz,genome
UTM_Trep_v1.0_chr2acc_hap1,UTM_Trep_v1.0,hap1,chr2acc_hap1,chr_mapping
UTM_Trep_v1.0_chr2acc_hap2,UTM_Trep_v1.0,hap2,chr2acc_hap2,chr_mapping
UTM_Trep_v1.0_chr2acc_haploid,UTM_Trep_v1.0,haploid,chr2acc_haploid,chr_mapping
